﻿{"cameraMode":{"drawMode":0,"name":"Shaded","section":"Shading Mode"},"sceneLighting":false,"audioPlay":false,"sceneViewState":{"showFog":false,"showMaterialUpdate":false,"showSkybox":false,"showFlares":false,"showImageEffects":false,"showParticleSystems":false},"in2DMode":false,"pivot":{"x":-6.193059921264648,"y":5.8172221183776859,"z":-10.447999954223633},"rotation":{"x":0.1624598354101181,"y":-0.6881909966468811,"z":0.1624598652124405,"w":0.6881909966468811},"size":22.0,"orthographic":false}